SEX,LIMIT_BAL,AGE,BILL_AMT1,BILL_AMT2,BILL_AMT3,BILL_AMT4,BILL_AMT5,BILL_AMT6,PAY_AMT1,PAY_AMT2,PAY_AMT3,PAY_AMT4,PAY_AMT5,PAY_AMT6
1,80000,51,9747,7592,7420,1467,7505,3837,1203,1020,1467,7505,135,61
0,230000,45,221691,226696,223872,98219,100276,102263,10000,3600,0,3628,3643,3929
0,160000,57,759,-660,-660,-660,340,596,209,0,0,1000,596,1436
0,10000,37,7501,7243,6988,6730,7463,7199,0,0,0,1000,0,3000
1,140000,32,10281,32163,20421,19573,11611,0,32172,1476,2140,1000,0,0
0,50000,39,11665,12405,13355,13622,11550,11713,1232,1182,449,565,504,233
0,20000,36,25238,25274,25026,23073,22857,21143,2000,1700,0,1653,0,1940
1,100000,24,0,0,0,0,2483,0,0,0,0,2483,0,80
0,120000,26,74831,78082,80333,82497,84438,86332,4000,3062,3000,2773,3000,1899
1,220000,36,0,420,0,584,790,0,420,0,584,790,0,1309
0,50000,27,25140,23936,11107,1210,0,0,1252,1093,1210,0,0,0
1,160000,27,0,1519,0,0,0,2755,1519,0,0,0,2755,966
0,160000,29,128809,127595,115094,111678,105336,104306,5000,4000,5000,4000,3603,4200
0,360000,33,780,286,0,0,390,-200,286,0,0,390,0,0
0,50000,33,8949,9745,30739,30266,14581,12930,1030,31117,2000,14840,259,0
0,60000,27,11862,1856,-14,4839,9567,11407,1861,0,4853,9567,2000,0
1,100000,41,621,0,368,0,1900,1900,0,368,0,1900,0,1145
0,50000,46,62315,60180,58108,55774,53589,51345,2200,2200,2000,1967,2002,1727
0,100000,26,30928,32186,32949,33680,34419,37782,2500,2000,2000,2000,4500,40000
1,200000,32,47517,8219,9000,10000,11340,0,1219,1000,1000,1340,0,0
1,210000,29,0,0,0,0,0,0,0,0,0,0,0,0
1,60000,23,21295,22629,23338,23810,25418,26050,1679,1388,860,2000,1055,2000
1,200000,30,194747,197031,196787,194632,198839,196550,9000,7100,7100,7400,7200,7300
1,170000,34,326,326,326,326,476,476,326,326,326,476,476,326
1,250000,33,211084,211577,202346,203132,201230,199820,6934,7000,8975,7043,8000,10000
1,310000,31,14015,15377,16393,14855,12662,9628,2000,1300,1461,1000,2000,2000
1,80000,22,1812,390,388,1187,263,1913,390,388,1191,263,2259,1815
0,370000,28,261021,265512,269491,223905,226566,226817,10001,10000,10000,8207,7641,7521
0,80000,26,350,-40,70,180,-210,220,0,500,500,0,820,500
0,280000,28,281663,211805,96763,67554,-3,1244,80019,5000,439,10603,1247,2187
1,310000,25,38942,130331,56527,560,300,2381,135868,1306,560,300,2387,572
1,20000,50,19681,19968,19261,20184,17016,15725,1313,1481,1404,0,0,822
0,170000,27,2697,0,1409,1337,1337,53885,0,1409,1337,0,53885,2000
1,190000,46,124245,126722,129376,132016,134632,137470,4536,4696,4791,4811,5000,5033
1,50000,40,31297,30175,30140,29724,30316,29269,1476,1517,1451,1043,1048,1429
1,280000,26,256455,245712,231025,182159,80747,51689,8354,5501,4293,2079,1892,20012
0,50000,22,49718,50362,49904,50405,29795,28383,1786,2000,1500,2200,0,1100
1,110000,23,1877,2507,1320,1270,63697,51866,1000,1000,100,63697,2427,2050
0,50000,48,42807,44489,45470,46424,45377,48441,2700,2000,2000,0,3800,0
1,60000,31,59426,59643,61279,61017,30117,29526,2800,3200,2535,2331,0,1073
1,210000,34,200239,195025,165356,116351,95854,91173,9510,7000,10079,4500,3532,3500
1,220000,36,222598,222168,217900,221193,181859,184605,10000,8018,10121,6006,10987,143779
1,100000,39,100549,94471,57529,58070,58615,58760,3711,3155,1696,1889,1764,1714
0,30000,26,25531,26301,27376,28359,24844,25364,1500,1500,1450,889,920,992
1,180000,32,54797,56909,57466,58609,59828,59842,3000,2100,2100,2163,1000,2203
1,60000,47,27970,28004,31688,30448,452,302,1456,4140,0,904,0,12985
0,270000,44,187352,179247,180535,187524,185895,190396,8000,6700,10027,6700,7500,7000
0,180000,37,22121,31681,32552,34004,35792,36645,10000,1700,2000,2500,1600,2000
1,180000,38,0,0,0,0,0,0,0,0,0,0,0,0
0,360000,26,11910,1356,4073,17812,2981,1936,1500,5000,15000,3000,2000,1033
1,260000,42,35215,31889,26299,27804,25809,27052,2500,3000,3000,2500,2500,2000
0,250000,50,254893,258013,263493,268861,274444,290235,9316,9637,9765,10021,20300,10023
1,270000,45,1526,0,0,0,0,0,0,0,0,0,0,0
1,330000,41,0,0,0,0,0,0,0,0,0,0,0,0
1,300000,29,143568,147715,149506,-4394,-4394,-4394,7951,6890,0,0,0,0
1,360000,36,18641,7174,11044,15887,8607,8843,7174,11044,15895,8607,8843,3000
0,20000,33,12518,12889,9638,8878,6474,2771,1300,1000,1000,500,0,0
1,180000,42,258662,265416,279551,285045,298652,296036,11056,20000,12000,18000,0,5651
1,10000,27,6694,7546,8345,8688,8865,9046,1124,1207,1000,177,181,0
0,130000,39,130819,124946,10212,2486,5170,6823,0,10252,2486,5170,3039,2386
1,20000,24,16549,16002,16047,15492,16739,16320,0,600,0,1500,0,2000
1,60000,36,4373,5428,9754,7795,8258,8370,1131,4457,37,500,300,0
1,270000,40,18751,5706,0,0,0,0,1000,0,0,0,0,0
1,240000,27,30589,2225,3708,20694,19771,38603,2239,3700,20739,10003,40115,8756
0,170000,30,998,998,0,499,724,390,0,0,499,724,390,424
0,70000,62,112202,103834,95609,86494,79359,74937,0,0,0,0,2150,2511
0,10000,38,8188,6780,390,390,0,780,1000,390,390,0,780,0
0,360000,36,4671,928,5384,499,596,2338,929,5405,500,597,2340,2649
1,500000,30,943,5664,-33,6454,842,8031,5692,0,6487,842,8111,7029
1,320000,54,54661,183429,303849,299996,307016,308110,183429,203849,22080,10000,10000,0
1,200000,28,59373,55040,54414,53504,53670,45539,6002,3008,2006,2045,1346,1196
1,50000,45,45390,46210,46549,20084,20264,19064,2321,1660,3000,1004,1003,627
1,180000,32,0,0,0,0,0,0,0,0,0,0,0,0
0,80000,26,56808,55901,57030,56576,53819,48604,3000,3010,4000,5000,3000,2200
1,30000,25,8935,9948,10971,11982,12219,12475,1165,1188,1199,436,452,458
1,150000,48,36717,37800,40874,39922,40953,42136,2000,4000,0,2000,2000,2000
0,200000,28,87390,115312,142912,161874,176431,180153,30002,30002,21876,16433,5661,5349
1,220000,37,48166,49164,46730,45680,46651,49507,2100,3900,0,1858,3800,0
1,180000,29,9862,2896,2458,305,0,0,2903,2458,305,0,0,0
1,90000,24,0,0,0,0,0,0,0,0,0,0,0,0
0,150000,27,9489,11757,12438,14240,15288,-1000,2500,1202,3000,1048,0,23799
1,200000,35,99291,87757,82417,83877,82814,35484,2742,3000,2018,2743,1578,9013
1,360000,52,6658,2598,1138,6730,3595,2915,2610,1240,6763,3613,2930,47183
1,280000,36,17951,18915,7926,17965,24432,10805,6094,7966,18059,24554,18860,17313
1,80000,42,50320,49816,49457,49071,48242,47746,1784,1898,1985,1629,1655,1687
1,140000,41,19346,21708,22940,19068,16409,16383,3000,2000,2198,1000,3000,2399
0,50000,31,5458,7208,17221,16738,17106,15415,2000,10600,0,700,3000,4200
0,20000,23,13987,15958,16168,16268,16600,0,2200,900,500,332,2000,0
0,160000,29,0,6285,0,0,0,0,6285,0,0,0,0,0
1,240000,38,197231,185901,189190,193018,188593,179309,6702,7000,7000,6500,6600,6230
1,50000,32,49547,49740,50275,20089,19964,19918,2100,2097,1289,712,713,1000
1,70000,49,64049,66079,67488,58246,48859,46688,3700,3100,2200,1600,1850,1800
1,180000,31,8260,5921,0,0,0,0,5921,0,0,0,0,0
1,140000,29,97905,100152,100772,101562,103214,88085,4700,3200,3500,3193,0,2304
0,30000,41,9736,10453,11771,13032,12538,12187,1182,1500,1761,0,0,1100
1,30000,44,2436,11376,21354,28308,23346,10784,11378,11004,9003,3349,10785,8984
0,120000,30,1500,3010,1700,1125,909,786,1700,0,1125,909,786,1433
1,310000,28,220845,179260,116798,109647,114745,103646,7809,10000,10000,10334,10000,5000
1,240000,32,1386,1207,1357,1559,23506,21532,1207,1357,1559,23506,1603,1407
0,320000,46,3337,9061,7809,5238,8594,3743,9061,7935,5238,8594,3743,12820
0,350000,35,4439,33720,14283,16426,10833,2261,33891,16267,4027,234,1565,26346
1,130000,26,1094,1271,1205,1798,299,1280,1293,1205,1798,299,1280,3368
0,70000,55,20205,22856,22202,24326,23636,25350,3000,0,2500,0,2100,1100
1,340000,31,589654,581775,572677,384060,304508,247178,3000,0,0,1000,4320,287982
0,80000,29,28175,0,68227,68040,69840,69840,0,68227,2000,2000,0,0
0,230000,36,3872,5376,3878,4824,2720,1526,2000,397,2720,0,1000,435
1,100000,22,72222,73859,75427,76587,78711,80510,3400,3400,3000,3500,3200,2000
0,460000,35,384919,393029,394483,338220,347753,356161,15045,16017,13000,15000,15025,7002
1,80000,33,60156,60309,30640,15917,35608,23470,5027,3000,3000,20000,767,1000
0,400000,31,115506,123607,140859,157131,126146,115529,10000,20009,20146,68,5109,5084
1,100000,38,1669,710,1824,1968,0,640,710,1824,1968,0,640,0
0,270000,53,211630,209812,219829,214795,228084,232680,3000,15000,0,17000,8500,0
0,50000,65,11763,11283,13288,12780,13522,13155,0,2200,0,1100,0,1200
0,170000,40,158326,119426,109136,106882,99917,97133,6043,4037,10019,9,3480,4635
1,10000,48,3133,1473,9196,8518,8690,7472,0,9196,1106,278,258,268
1,50000,23,34997,36030,36740,37469,38254,39014,1900,1610,1339,1387,1395,1452
1,390000,33,8243,4610,7599,2947,86790,3628,4644,7677,2947,87476,3639,7769
0,10000,50,10043,9616,9718,9916,9250,7461,1194,1076,274,370,472,375
1,290000,25,57445,57025,46484,36232,32149,24004,2000,1800,1400,1000,1000,1000
1,200000,37,10701,4251,5144,6807,51013,54416,4251,5144,2000,44406,54725,3000
0,250000,28,191305,90497,92278,93354,95309,97411,3899,3913,3186,3301,3525,3095
1,180000,41,22777,20311,20726,22111,25560,2461,20328,20789,22169,25560,2461,10947
0,30000,32,32704,31895,31091,31002,29879,29382,0,0,2300,0,996,1000
1,400000,38,123,123,123,0,349,0,123,123,0,349,0,0
1,100000,34,0,0,0,0,0,315,0,0,0,0,315,165
1,30000,27,26951,27726,28561,18030,11467,12681,2000,1682,1500,1000,1408,800
1,210000,37,1094,1335,3056,213,825,1240,1335,3056,213,825,1240,5693
1,50000,26,42207,42226,38859,39475,40187,40992,2200,1962,1562,1500,1474,2300
0,30000,45,390,390,390,390,0,780,390,390,390,0,780,0
0,100000,42,100699,94528,89010,81545,75592,68715,3368,3995,2800,3267,2919,334
1,110000,23,106963,101958,85914,73638,72119,73764,5023,3900,2600,5000,3000,3000
0,50000,54,50356,48981,47942,1261,17147,16609,2000,1120,1300,17147,1000,1000
1,50000,24,44159,41904,46174,40675,0,0,5000,5000,2000,0,0,0
0,120000,36,31218,32319,32687,32972,33559,34604,2000,1600,1200,1500,2000,1500
1,300000,27,1890,1570,390,390,390,390,1570,390,390,390,390,1890
1,90000,56,59524,57898,57739,55499,48246,47850,2670,2690,3041,3790,2000,2000
1,70000,38,24758,25581,16105,17571,18330,16268,1273,1534,2000,1000,1000,1000
1,100000,30,85841,74564,78351,79030,56016,36210,4000,5000,3006,2023,3000,1500
1,420000,27,198604,202935,207548,211990,216362,220728,7518,7763,7768,7768,7877,7934
1,280000,26,25989,27052,28111,29138,29852,30717,1800,1800,1800,1500,1500,1500
1,310000,46,53474,11913,6629,34342,1900,5807,11919,6629,17171,3800,5807,1380
1,200000,29,5612,28352,6282,5906,8787,14988,25004,6282,5911,6000,10000,20000
0,150000,51,128968,138260,134573,136026,97517,47027,12900,0,5399,4224,1830,1889
1,220000,31,67722,74057,75767,77902,79505,82061,7500,3500,4000,3500,4000,3000
0,300000,56,110350,102556,103834,99368,101600,560,4052,6122,1987,2232,560,0
0,460000,42,11924,7721,1711,-2,7126,1996,7728,2229,2,7128,10,957
0,20000,28,19794,19519,20464,19756,19978,11680,1304,2900,0,773,626,8554
1,90000,24,595,207,18189,557,0,0,207,18281,557,0,0,0
0,340000,53,3780,3295,1461,1903,1492,4409,3295,1461,1903,1492,4409,3396
1,40000,22,34521,35662,36918,37478,20650,0,2000,2000,1071,1500,0,0
0,20000,53,13561,13050,390,18280,2880,1600,1105,390,18280,2880,1600,0
1,50000,44,43596,46320,43976,44287,38113,30778,5000,0,2500,1500,2000,1000
0,280000,42,-26,-26,-26,-26,5294,-4,0,0,0,5320,0,919
1,390000,37,20666,20666,10000,20666,10000,10000,20666,10000,20666,10000,10000,10500
0,230000,31,4261,25,221,417,613,-191,1000,1000,1000,1000,0,0
1,120000,27,1164,1844,-7809,120680,63530,63552,1671,380,131062,2000,3000,3000
1,80000,32,0,0,1900,7411,1900,0,0,1900,7411,1900,0,0
0,160000,49,435,435,435,435,435,435,435,435,435,435,435,870
1,50000,34,11340,11367,10982,10243,10826,11699,3200,3000,1000,1000,1000,2000
0,120000,30,0,0,0,0,0,0,0,0,0,0,0,0
1,130000,35,23693,27228,30795,38637,39259,72981,4257,4338,8399,1260,34721,5202
0,50000,38,50958,50889,49697,9176,9368,9554,2042,1150,329,340,342,354
0,120000,42,3135,4422,5540,6442,7182,8057,1500,1200,1000,1000,1000,1000
0,50000,25,17826,18620,19722,19305,19409,20221,1400,2200,806,1000,2000,1000
0,340000,42,6888,2913,340,2823,13045,14006,2913,340,2823,13062,14016,4513
0,50000,27,658,4160,3225,656,176,0,4179,3225,656,176,0,476
1,160000,39,156000,155866,159005,159248,118904,119243,5559,7677,6039,4176,4300,4576
0,60000,28,59059,50579,24193,23511,24019,24481,3800,1900,0,1200,1000,3500
1,180000,36,111190,113912,116231,117803,120350,124190,6000,5700,5000,4600,6000,3500
1,410000,31,0,0,0,0,0,3932,0,0,0,0,3932,1238
1,160000,25,0,0,0,0,0,0,0,0,0,0,0,0
1,100000,47,6666,6666,0,6270,-396,-396,6666,0,6270,0,0,0
1,80000,28,73606,81876,71029,67915,69190,53606,10200,4000,10000,11700,53606,5000
0,180000,35,95757,76696,77720,79430,81098,82791,3400,2900,3000,3100,3200,7300
1,80000,46,0,0,0,0,0,650,0,0,0,0,650,0
1,30000,54,26302,26873,28138,27074,13275,12500,2000,1719,1613,271,2250,0
1,90000,25,33336,39009,47657,52372,52112,56257,10000,10000,6000,1570,5000,1363
1,20000,29,0,2494,3967,1364,600,0,2494,3967,1370,600,0,0
0,20000,36,2400,2400,2400,2400,2400,2400,0,0,0,0,0,0
0,450000,31,10350,3629,3271,6271,2135,2546,3629,3271,6271,2135,2546,4877
1,210000,31,157544,160437,129247,119579,120318,107122,7505,7072,4009,8000,10000,12000
0,80000,27,77111,81555,72868,55780,53523,54679,6384,0,2100,2100,2200,2200
1,500000,33,30267,14773,18129,18934,21687,16438,14773,18129,18941,16687,16438,415
1,230000,37,53327,52513,43726,22738,29019,20328,1973,1890,1595,29019,567,506
0,180000,55,6854,560,10600,0,9510,9510,560,10600,0,9510,0,4600
1,30000,41,1660,856,428,428,13749,659,428,0,428,13749,659,5548
1,60000,48,58794,59987,33908,19513,17281,16802,7296,1903,19513,759,851,390
1,250000,29,46948,46351,33227,33732,32245,37589,2500,10000,3000,3000,8000,0
0,80000,25,77901,79605,79207,0,0,0,3600,2407,0,0,0,0
0,140000,44,108033,105021,107659,109104,109352,101534,4000,4537,3800,3823,3806,3511
0,290000,37,131279,134113,136948,139674,142793,162091,4700,4800,4735,5100,21500,6000
0,30000,25,18941,24602,23921,23259,22369,23408,6000,0,0,0,1800,0
0,30000,26,33181,32391,31624,30683,29215,29900,0,8,0,0,1015,1000
1,290000,25,78719,71559,66658,68627,61578,59274,2510,2500,3000,3000,3000,3000
1,200000,29,69412,69878,64222,50518,44892,76088,4012,2008,3008,9056,36100,22500
1,450000,44,11150,4281,0,2442,14234,-2988,4281,0,2442,14234,452,0
1,50000,51,26660,26909,27485,27477,27651,27853,1763,1729,1111,1137,1188,997
1,230000,29,-5,-5,2969,3419,0,1841,0,2974,3425,0,1841,200
0,500000,50,265803,246770,223989,223232,219158,212237,16770,13989,33232,29695,32838,38770
1,360000,30,23725,45913,80945,54064,52342,33074,61137,79800,42015,53710,33074,119504
1,50000,25,51044,50231,46677,44982,21399,20859,2500,3008,1000,761,800,704
1,640000,50,6482,8853,22238,9877,10110,23910,8853,22243,9877,10110,24616,5952
0,20000,34,15494,11950,11292,10790,780,780,1488,1220,608,780,0,0
1,510000,35,2115,2116,5560,4535,3488,1116,1117,4560,91,69,1116,2115
0,470000,29,215666,209106,207970,212373,193628,184908,7395,8037,9048,10000,6115,5750
1,50000,23,38333,40401,42897,44388,46528,44986,3000,3500,2500,3000,0,3500
1,220000,31,79226,78693,78297,78980,77817,77569,3900,3500,4000,2700,3000,10000
0,360000,29,6001,5868,-1,592,-8,-8,5874,1,593,0,0,0
1,50000,54,48403,48119,43590,18264,18659,18918,2020,3128,1000,656,645,630
0,50000,34,48976,47404,46338,14234,19545,20173,2023,3105,3119,11000,909,3000
1,180000,46,0,12103,2250,899,0,1375,12103,2250,899,0,1375,0
1,120000,36,9826,10838,11876,12853,13109,13015,1181,1219,1196,452,460,463
0,300000,54,0,0,0,0,0,0,0,0,0,0,0,0
0,200000,33,-168,416,83,667,251,-165,1000,499,1000,0,0,1000
0,150000,26,3627,0,0,0,0,0,0,0,0,0,0,0
1,280000,30,29989,168,1206,300,460,861,168,1206,300,460,861,7595
0,250000,49,236430,243445,246357,250942,205081,209309,11000,11500,11000,7500,7500,8000
1,310000,38,-41,8198,342,41726,15051,8663,8239,344,41884,5025,40,3
0,360000,35,-103,-103,-103,-103,-103,-103,0,0,0,0,0,0
0,120000,32,7111,5894,7670,20440,4260,15308,6000,7680,20440,4260,15308,7000
1,30000,41,1688,0,850,2158,0,1935,0,850,2158,0,1935,0
0,50000,46,390,170,780,390,780,40418,170,1000,0,780,40418,3170
0,50000,42,550,1974,1250,1400,700,550,1974,0,700,0,550,1100
1,50000,24,38965,38063,38838,39598,40313,41293,0,1700,1700,1500,1800,1700
0,260000,28,76996,11515,13392,22209,54807,62534,11515,13419,22209,54807,62534,37935
1,290000,33,0,0,0,0,0,0,0,0,0,0,0,0
1,210000,40,2245,1789,4292,2388,4090,2375,1794,4326,2395,4102,2382,2614
1,350000,36,50889,45881,36578,37717,58311,58467,10000,9000,10000,30000,9000,1800
0,230000,26,416,371,416,416,566,416,371,461,416,566,416,0
1,70000,37,49775,50600,47585,48493,49559,51079,2000,2500,2000,2000,2500,2050
1,180000,28,26000,5480,5960,600,6800,12627,5488,5960,600,6800,12627,0
0,190000,33,176028,166336,162100,155584,157988,154366,7063,8004,5500,7000,6000,5000
1,80000,37,27695,15372,25919,18449,2655,20808,10000,25919,18449,2655,20808,0
1,170000,41,76704,50301,50896,52554,53084,54197,2405,2000,2500,2000,1968,2000
1,30000,25,26376,27483,28242,16498,16923,17649,1550,1308,1300,700,1000,2000
1,240000,37,157668,165762,173429,176943,176843,177183,10762,10429,10423,6843,7183,6398
1,90000,30,6480,6973,7235,8248,8412,8589,1106,1124,1137,301,312,373
0,30000,29,27720,0,0,22015,22649,24583,0,0,22015,1000,2300,1200
1,360000,48,2500,0,0,0,0,0,0,0,0,0,0,0
1,150000,39,32891,30930,28901,27587,25531,26586,5000,1650,2000,2000,3000,2000
1,220000,47,103078,111729,115173,116513,119370,121516,10000,6500,5000,5000,5000,5000
1,160000,47,0,0,0,0,0,0,0,0,0,0,0,0
1,160000,44,118809,125323,170449,96739,126139,154884,10000,50000,20000,30000,30000,5000
0,20000,24,15940,19222,20650,0,0,0,3572,2000,0,0,0,0
1,50000,25,2058,287,3423,0,3198,0,287,3423,0,3198,0,0
1,190000,42,113516,116157,115639,115849,118313,119973,6000,5581,4237,4423,5000,8888
1,100000,58,87851,85594,87095,88357,77155,80108,0,3300,2839,3000,4000,2000
1,160000,27,157818,161308,162923,161481,155819,168283,7500,5800,5700,0,18100,0
1,160000,34,5520,0,0,708,560,0,0,0,708,560,0,560
1,50000,43,26342,27457,27381,17930,18128,18490,1547,1251,1200,600,627,759
1,230000,25,264,264,264,264,264,264,264,264,264,264,264,264
0,80000,31,78356,70664,62223,26400,27201,27363,2600,2036,1500,1201,1500,2000
0,230000,30,115141,101832,92396,84297,49681,46224,5028,5000,4000,2029,2000,2500
0,90000,52,91656,87106,48730,27535,27751,29923,5110,2000,3000,1000,3000,3000
1,50000,22,39843,40662,41971,43020,46150,45288,1762,2000,2020,3800,0,2000
1,30000,24,27276,26937,26679,27779,28691,29726,2000,2500,2000,2000,2000,2000
1,80000,45,2574,390,3889,780,390,390,390,3889,780,0,390,390
0,20000,27,20386,20757,19200,20000,0,0,1000,0,1000,0,0,0
0,50000,36,5197,6015,6615,7131,6987,6980,1300,1100,1000,500,500,1000
1,590000,31,-154,240,244,-1469,925,3319,1000,1026,0,3000,3000,2271
0,280000,33,207982,196055,182099,185925,188224,186529,8644,6445,15934,7016,6753,6008
1,140000,28,800,7937,9920,7078,3936,1555,7937,10132,7084,4,1555,0
1,20000,34,780,0,390,390,390,12190,0,390,390,390,12190,780
1,80000,27,390,390,390,390,390,930,390,390,390,390,930,0
1,180000,40,1903,0,0,3155,1173,1021,0,0,3155,1173,1021,0
0,500000,33,76440,1397,56449,55121,54797,19732,1397,56449,1515,1426,747,1476
0,210000,26,204824,209873,214775,111893,107697,105578,10000,10000,5000,4000,4000,4000
1,360000,37,1568,2500,0,0,0,0,2500,0,0,0,0,0
0,50000,46,53418,52281,51173,50033,9779,9924,0,7,1104,445,400,204
1,80000,44,14686,3673,11285,500,500,6155,3673,11285,500,500,6155,1440
1,120000,40,123270,122736,123394,123123,121499,121296,6000,6500,6500,5000,5000,5000
1,170000,29,14460,738,0,0,0,0,738,0,0,0,0,0
0,250000,30,73936,106903,174837,81376,61474,27864,40000,85756,35153,4236,6080,88
1,160000,37,27720,14413,13484,6714,-319,3583,5000,5017,5000,0,6774,0
1,180000,32,1991,991,7658,1000,1650,1000,0,7667,0,1650,1000,2000
1,160000,36,2992,1300,8899,6257,-1197,12151,1300,12038,10696,613,14262,0
1,500000,36,13302,1040,3662,0,1770,3384,1051,3722,0,1770,3384,206
0,270000,44,274610,274870,258759,225454,225032,225698,10556,10050,8370,8510,8250,10671
1,30000,51,770,-10,390,3797,0,0,0,400,3797,0,0,0
0,200000,36,7300,3238,2655,2200,0,0,3238,2655,0,0,0,1966
1,50000,23,3430,2478,2299,4800,9810,660,2548,2321,4800,9810,660,2980
0,20000,25,6174,7543,7255,3887,5887,0,2000,28,0,2000,0,0
1,500000,54,260356,253580,239479,200081,185130,168868,18609,9800,6610,6000,6000,5000
1,80000,46,70324,66864,32990,30059,28786,29371,3000,2003,1500,1200,1200,1500
1,50000,23,9978,12493,10447,12247,9195,4995,3000,0,2020,0,100,2000
0,100000,27,41298,42448,44368,48652,47885,48850,2000,2500,4900,0,1763,2000
1,200000,43,0,2112,723,150,150,2478,2112,981,150,0,2478,5377
1,20000,23,4561,6474,8353,13192,14871,11536,2000,2000,5000,2000,1000,2000
1,230000,39,219712,208532,229229,143168,145270,141874,30500,25000,10000,5000,5000,18000
0,360000,42,226988,217735,207215,197096,187693,177338,8006,7506,7006,7006,6103,5506
0,260000,34,32324,24103,20158,12619,176498,172274,1503,2260,3030,170039,6227,6052
0,220000,42,26595,33330,36720,40729,44762,48914,9000,5000,5000,5000,5000,5000
1,240000,40,326,326,326,326,326,326,326,326,326,326,326,326
1,10000,37,10000,7419,7392,8265,8631,17974,7419,1400,1000,500,500,500
1,170000,38,5556,0,0,0,0,0,0,0,0,0,0,0
1,20000,54,14930,14404,15558,16166,8824,0,11,1392,1000,176,0,0
0,170000,50,152495,155698,159029,160628,162808,163364,7200,7300,5700,6300,3300,9300
1,250000,29,20687,14082,-38,-38,7581,5625,14158,0,0,7619,5653,652
1,30000,56,14909,15565,16620,16056,17386,16968,1200,1600,0,1600,0,700
1,310000,35,2948,62593,152141,125325,109142,103020,62635,100042,4017,9184,4081,6042
1,200000,32,4640,17950,13056,2500,500,500,18116,13113,2522,0,500,500
1,500000,29,5024,798,5921,2381,823,801,802,5950,2392,827,805,30435
1,140000,25,23409,24725,26006,26771,28179,29746,2000,2000,1500,2000,2200,2000
1,150000,25,3167,13680,12848,8445,6868,1310,13879,4000,0,0,1310,0
0,340000,43,185,4418,0,3931,2295,0,4418,0,3931,2295,0,2254
0,20000,47,14835,16605,19160,14506,12839,8495,3000,3000,5000,5000,3000,511
1,350000,40,26774,22062,38491,4683,3797,6677,22181,38683,4706,3816,6708,20105
1,50000,38,51400,0,0,0,0,0,0,0,0,0,0,0
0,300000,55,69994,71388,72886,74371,75854,77440,2552,2645,2696,2716,2809,2826
1,230000,29,0,0,249,0,449,1530,0,249,0,449,1530,0
1,240000,34,14038,25558,26526,28082,29695,31223,12000,1500,1800,1860,1800,2000
1,250000,26,187336,184608,188570,188585,205272,208778,10000,10065,10000,20000,10000,20000
1,70000,60,10083,11091,12117,13125,13407,13692,1184,1210,1218,500,500,543
0,50000,37,33105,31113,26669,29876,29257,28071,10005,5000,4800,1002,2000,2000
1,330000,35,1663,0,0,0,29221,3194,0,0,0,29221,3194,0
1,100000,33,82308,83994,85688,86643,88280,90054,3261,3307,2581,2502,2525,2600
1,90000,35,5488,2380,0,1700,1700,0,1000,0,1700,1700,0,1664
1,140000,24,13408,97396,92990,93960,96724,91539,97396,4070,3225,4137,3100,2300
0,50000,37,24801,27600,26858,28209,29108,29980,3200,0,1800,1500,1500,2500
1,150000,28,62122,46576,43583,45569,46533,47653,2000,2500,3000,2000,2000,3000
1,180000,33,4500,2580,178,1500,0,1118,2580,178,1500,0,1118,1331
1,180000,39,43507,44282,23946,0,0,0,2000,2000,0,0,0,0
1,30000,42,28485,27204,28234,28272,28494,28182,0,2000,2483,1003,969,1208
0,360000,44,1824,1740,0,0,1499,4001,1740,0,0,1499,4001,203
0,50000,47,49386,49693,51136,20171,19286,19292,1818,2261,1296,672,688,834
1,20000,25,16591,16442,6401,4300,1304,0,1155,1000,0,1304,0,0
1,60000,55,61278,59106,54647,56071,29199,29815,17,2249,2604,983,1023,1003
1,500000,58,-1,33982,37844,9441,12700,19267,35436,37311,9442,5001,10001,95478
0,150000,29,71593,71123,29040,106509,85608,86191,3060,1531,80000,3101,4000,2438
1,80000,22,48305,48823,41495,36733,27692,27872,1739,1701,1439,980,1005,1216
0,70000,47,53239,54351,56480,57253,59150,0,2000,3000,2500,3000,0,0
1,150000,33,508,1155,1868,874,1735,1940,1166,1873,876,1741,2245,0
0,80000,53,2783,1108,21400,21000,21000,0,1200,21000,0,0,0,0
0,80000,30,76539,21644,17427,67659,63815,48670,3510,41,65007,53,3228,0
1,360000,37,198839,187955,163120,140383,121771,102568,7000,8071,7029,3011,4000,9000
1,320000,35,227927,218565,223284,98028,102498,80469,10000,10000,5000,6000,5000,5000
0,100000,39,4530,4921,4560,4290,6670,8844,4921,4569,4290,5000,5000,3000
1,150000,39,60115,48412,37033,25032,12500,12500,1662,1783,1282,250,12500,12500
0,320000,30,29668,30282,30737,26875,26318,25880,1353,1224,739,742,751,703
1,230000,38,828,1533,7234,824,4690,1408,1547,7247,828,4713,1415,1820
1,150000,34,150294,147979,147235,147997,145405,146502,6750,6900,6690,5300,5500,5500
1,150000,36,100247,109909,112453,113318,114268,116688,12924,5800,4200,4300,4400,4700
1,110000,33,105440,105852,111966,106068,109293,105804,5300,11000,0,8077,0,3947
1,20000,41,8777,10461,11583,13079,14546,16149,2000,1600,2000,2000,2000,2000
1,30000,34,411,995,579,1430,1414,1398,1000,0,1420,400,400,0
1,50000,23,15036,15790,18202,18601,19138,18319,1300,2701,700,847,655,700
1,20000,27,16732,17866,17276,17514,18462,18036,1700,0,800,1361,0,800
0,20000,24,15570,16996,18414,19843,19643,3300,2000,2000,2200,0,100,0
1,20000,43,28447,27721,27009,27170,26295,34171,0,0,924,0,9648,2000
0,470000,45,293261,279104,220728,198425,182826,130586,18000,10018,10000,10000,4771,6000
1,100000,28,79580,81493,82759,83609,85325,87096,3790,3200,3100,3200,3332,3280
1,180000,43,8657,6847,18762,22928,3129,2398,6847,18762,22928,0,2398,23149
0,50000,41,5620,46907,45880,48697,49504,50577,42100,0,3900,1900,2000,0
1,360000,46,0,0,0,0,0,0,0,0,0,0,0,0
1,80000,27,80658,70963,73411,75331,55011,56271,3800,3600,3200,2000,2100,3001
1,410000,38,180922,184241,176857,175193,165929,114527,7670,2,5561,5432,4546,5191
1,330000,28,963,11,11,11,11,11,504,0,0,0,0,0
1,60000,22,61558,59967,59693,39686,30077,30761,10,3616,301,2501,1300,0
1,230000,42,390,390,390,390,1240,4234,390,390,390,1240,4234,2970
1,140000,30,3043,4168,1420,0,49,49,1423,2,0,49,0,0
1,380000,31,200932,190991,175028,162699,138158,135920,10000,10000,5849,4570,5447,120000
1,430000,42,282880,289358,296219,300873,294527,308523,12700,13000,11000,0,19000,15000
1,360000,48,2119,-3,-3,-3,711,875,3,0,0,714,879,1519
1,200000,30,1028,1025,1613,2193,2698,3812,1030,1621,2213,2711,3831,2213
1,240000,38,-25,4078,2223,31136,4367,3632,4103,2223,31136,100,0,1101
1,50000,45,10723,9872,658,1473,1473,1473,1000,658,1000,1473,1473,540
0,500000,29,39345,40382,40740,16316,10705,-42,2014,4135,3256,53,0,36368
1,200000,35,909,2708,3514,2297,928,0,2711,3514,2297,928,0,2308
1,210000,39,26624,25903,28719,27964,28364,28855,0,3550,0,1164,1100,1118
0,360000,35,200,317,12349,0,326,105,317,12357,0,326,105,200
1,120000,28,2750,-650,-975,-1625,2561,4187,0,0,0,4186,2000,1000
0,20000,45,17369,28513,27836,23480,19469,16310,15000,3273,0,389,326,813
1,500000,49,4007,9933,14557,53328,58052,37435,10021,14576,53850,58332,37616,46591
1,330000,43,15018,17365,19114,14093,16005,4935,3000,2500,3000,3000,170,2000
1,50000,45,15240,16252,17678,18658,18784,18779,1574,2000,1290,806,824,697
0,100000,25,96889,102893,99176,80358,75007,76805,8513,128,3011,3000,3200,3400
1,60000,27,54900,55948,55188,55960,56564,57464,1971,2000,2003,2003,2070,2140
1,110000,29,48123,49537,50422,50990,52014,53206,2500,2500,2000,2000,2057,2500
0,160000,31,3310,2250,1698,-51,-51,-51,0,1005,7,0,0,2821
0,140000,35,101038,66734,64018,64656,65341,66277,4215,3221,2066,1864,1895,1883
1,300000,48,247279,235093,224062,212480,202148,186955,10005,9500,7500,6914,6100,5500
1,60000,23,63143,59608,59182,27882,24574,22330,0,1478,2000,1000,3000,2000
0,200000,48,7331,4760,3529,11711,38079,0,4780,3529,11726,35000,0,0
1,310000,27,134525,115126,105687,102306,93929,87681,6200,5222,5197,4000,5000,3980
1,200000,26,2179,6440,3908,-5,1060,2996,6440,3908,5,1065,3000,1108
0,50000,34,48973,50601,49805,27605,29447,30045,91000,1200,600,29057,1076,1300
1,230000,30,8685,1079,2923,25916,4219,7903,1079,3000,25916,2219,4000,6000
1,160000,31,3089,0,12548,0,0,0,0,12548,0,0,0,0
0,30000,25,7653,8864,10062,11581,12580,13716,1500,1500,2000,1500,1500,1500
0,20000,40,16149,17373,18000,20000,0,780,1500,1000,20000,0,390,0
1,80000,24,62550,0,10000,18150,7490,7490,10000,10000,18150,7490,7490,7490
1,150000,47,103226,64671,64293,58024,59230,54638,2627,4123,0,1304,1338,376
0,160000,28,3236,-524,3003,737,0,894,0,3740,0,0,894,0
1,110000,25,52059,49709,8504,7277,7774,8261,1150,1330,2500,1000,1000,1000
1,90000,23,94806,119836,21836,11036,29836,986,30000,30000,11036,19836,986,21615
1,230000,31,-9,-9,986,0,0,900,0,995,0,0,900,0
1,120000,28,2049,1579,590,3617,2001,0,0,590,3617,2001,0,204
1,30000,35,25239,26847,26319,26868,25345,26781,3000,3000,2000,3304,2000,3000
0,100000,44,39649,43608,46899,47447,48035,40484,5000,5000,1554,1595,1686,1200
0,50000,40,37245,38324,39405,40748,41273,42206,1700,1700,2000,1500,1600,1600
1,200000,28,50925,51519,53693,55506,63261,52979,2455,2629,2442,10000,1502,1517
1,360000,38,4741,4534,6491,8422,8665,0,0,2000,2000,243,0,0
1,30000,39,28144,27470,30698,28981,27673,27826,2000,4000,0,1000,1000,0
1,130000,29,78,78,78,78,78,-121,0,0,0,0,0,0
0,20000,25,390,5548,7001,6695,0,0,5548,2000,2000,0,3300,0
0,30000,39,19643,20721,21867,24291,23766,23696,1700,1800,3100,0,565,98
0,100000,32,81210,78785,69138,69604,69448,69744,3019,2600,3100,3000,3000,3000
1,190000,39,157,-1049,-2681,1975,2244,3294,0,0,6475,2244,2284,0
1,500000,32,33763,43081,44277,46605,35766,26175,10000,2200,3500,0,1100,800
1,100000,25,98499,101051,98503,98949,48552,49545,5000,0,3900,1801,1800,2000
1,360000,29,25633,26897,26439,25932,28396,28611,2000,1289,1000,4000,2000,1000
0,30000,38,27429,29085,29282,29270,29078,28652,2403,1200,588,588,574,0
0,20000,23,18804,17855,17199,17548,17992,31150,2150,1000,504,600,4000,4000
1,360000,32,0,0,0,0,0,0,0,0,0,0,0,0
0,180000,52,77408,74156,75659,72046,70355,71208,3293,3350,3111,2615,2689,2766
0,180000,27,147310,152047,143809,112323,112208,113887,7503,30018,4011,3802,4106,4006
0,130000,38,233617,115431,35400,0,0,0,10000,5000,0,0,0,0
0,50000,25,21006,18851,19722,19644,18687,18033,4788,1532,1002,1006,2004,2309
1,210000,29,52143,53182,54331,55827,57295,58571,2500,2600,3000,3000,2200,2300
1,130000,27,26868,28429,29710,34310,21900,780,2000,2000,5000,438,780,0
1,200000,32,0,0,-10542,148287,146948,148772,0,1685,326974,5200,5500,6000
0,200000,38,0,0,0,0,0,0,0,0,0,0,0,0
1,100000,31,960,4348,73689,76148,77254,78967,4348,70000,4000,3000,3000,3000
1,200000,43,198595,194734,190447,187224,183641,178239,7003,7000,7000,6510,6550,6001
1,180000,30,0,0,0,0,0,0,0,0,0,0,0,0
1,210000,41,0,0,0,0,0,0,0,0,0,0,0,0
1,50000,52,15377,17121,17832,18532,19233,20650,2000,1300,1000,1000,2000,0
1,280000,25,139019,141146,129252,103317,101085,104181,4074,4232,4022,3000,4010,100022
0,700000,50,3528,2018,2131,5746,733,2913,2024,2131,5750,733,2917,2131
1,80000,24,2346,0,0,0,0,0,0,0,0,0,0,0
1,260000,31,8078,27201,27879,28420,39206,37705,20000,2000,2000,12000,0,2000
1,50000,23,16621,8044,917,18353,35836,18320,1037,917,18436,0,699,580
1,160000,51,63406,64176,2348,2447,10968,10934,2901,2348,2447,10968,531,208
1,500000,36,339,0,28119,29698,32229,27912,0,28119,2000,3200,3000,785
1,80000,24,1200,1200,1200,1200,600,300,0,0,0,0,0,0
1,160000,35,11988,-890,-890,-890,-890,-890,0,0,0,0,0,0
1,100000,26,26273,-73,-73,-73,-73,-73,0,0,0,0,0,0
1,200000,24,52143,53186,55929,194441,146190,141550,1910,3600,141000,5100,5200,5100
0,120000,35,326,326,176,-150,952,476,326,176,0,1428,0,476
0,360000,39,0,0,0,0,691,7020,0,0,0,691,7020,0
1,280000,24,1481,11884,-27,5443,-13,-13,11943,0,5470,0,0,0
1,80000,27,25424,24499,25181,5187,5524,5529,2000,2150,1000,2500,1000,1000
0,240000,29,0,0,0,0,0,0,0,0,0,0,0,0
0,20000,28,5653,5419,6365,6608,7001,7233,0,1200,350,500,500,300
1,130000,27,37319,38252,46741,42881,367,46265,2031,10000,1000,367,61170,1200
1,150000,27,8000,13024,9809,8000,800,1072,13024,3000,8100,800,2524,24902
0,20000,37,18629,19202,20459,19493,17289,17684,21473,1576,2000,600,1000,700
1,220000,54,2742,3131,2664,891,1927,4250,1500,1500,891,1927,4250,3000
0,50000,24,19267,23553,21507,17827,7655,7881,5000,1700,2000,500,500,500
0,140000,30,188,6229,7936,13194,5692,8410,6229,2000,5600,0,3002,2
1,200000,61,780,0,780,387,-3,4540,0,780,387,0,4543,1386
0,160000,38,0,0,0,700,700,0,0,0,700,0,0,0
1,310000,35,0,0,4488,4696,84522,86206,0,4488,264,80000,2950,3055
1,220000,29,224852,224416,173565,176156,175745,160362,10235,8000,7000,7000,7000,7000
1,120000,30,686,686,686,1372,686,836,686,686,1372,0,836,686
0,100000,49,34704,30906,28325,22160,18842,17023,2011,2028,10,558,1044,12
0,150000,27,118533,119911,123914,126447,128773,134930,3375,5000,3583,3402,7226,5000
0,490000,34,25015,20912,18817,13424,162851,151961,1340,1397,3193,162856,5461,5010
1,90000,38,2346,15271,16360,41936,538,2716,15271,2000,30000,538,2716,652
1,250000,39,5086,14180,49453,10989,2975,4099,14180,49453,0,2975,4099,6470
1,140000,37,37625,38023,39577,39465,45180,44213,1657,2211,1459,6398,1729,1633
1,180000,44,16891,0,521,0,0,0,0,521,0,0,0,10622
1,140000,26,141057,144306,141949,141345,136379,126211,7200,19000,10400,0,4931,9100
0,140000,29,132629,55185,56000,0,0,0,5000,2000,0,0,0,0
1,240000,34,1731,6763,0,5717,10134,1045,6763,5717,0,10134,1045,6585
1,80000,30,21507,13207,13997,10914,10685,5515,1700,1400,200,1000,0,500
1,230000,35,68755,35137,34305,22752,5123,0,1607,4305,1000,5123,0,2810
1,80000,26,1238,376,2281,1356,355,-520,376,2281,0,0,0,35893
1,200000,28,0,0,0,0,0,0,0,0,0,0,0,510
1,230000,28,6666,6666,0,0,0,0,6666,0,0,0,0,0
1,200000,50,141886,141771,141129,134295,135962,112870,7000,8000,4100,4200,4300,4500
1,210000,30,0,820,718,424,631,843,820,718,424,631,843,0
0,20000,41,19796,18510,16077,16389,11286,12833,1507,4011,5066,1003,7000,3000
1,90000,26,92472,92518,91504,91706,91801,91753,4600,4100,3900,4000,3700,3700
1,160000,39,106260,0,0,0,390,86188,0,0,0,390,86188,3272
0,20000,36,16419,17139,20159,19533,19928,19695,1300,3300,0,1000,1000,900
0,80000,30,5092,4623,1944,15361,13286,5848,4623,1963,15361,13286,5848,0
0,80000,25,390,390,390,390,390,390,390,390,390,390,390,390
0,20000,45,15748,16497,16928,17354,16934,18347,1300,1000,1000,0,1700,600
1,180000,33,47050,49282,50159,51336,54332,56249,3000,2000,2011,4000,3000,3000
0,320000,47,9192,13920,4022,316,8420,316,13942,4022,316,8420,316,516
1,30000,29,10456,13164,12668,15038,14502,15501,3200,0,2905,0,1386,0
1,180000,30,173094,131039,132269,144990,152632,155935,7000,4900,15000,10000,6000,6500
1,300000,35,0,0,0,0,150000,0,0,0,0,150000,0,267
1,50000,47,28164,27432,28668,29191,35551,34420,0,2000,1300,7000,0,0
1,320000,29,34818,22718,9398,10222,13791,13498,1690,1500,1000,3628,1041,1006
1,20000,48,19590,19120,18932,18749,18620,18668,1308,1593,800,700,741,531
1,270000,27,1390,363,14770,14367,14388,47441,363,14841,1200,1288,41437,1335
1,330000,30,5014,59970,18585,13835,45476,25125,60207,18585,13835,45476,25125,21370
1,80000,29,49196,54033,52595,56709,55201,69270,6292,0,5000,0,15000,2600
0,240000,38,167544,168609,172591,145144,141134,127242,8400,10000,7500,5600,5500,4600
1,30000,23,12376,13475,12973,15144,14603,15767,1600,0,2700,0,1400,0
0,330000,31,165042,163406,137664,3381,40635,40490,9000,7558,5000,42054,3000,2000
1,80000,24,47952,45713,46752,46375,46893,47872,1732,1771,1714,1632,1687,1749
1,30000,25,15493,16427,17379,23100,0,0,1500,1279,10000,0,0,0
1,180000,58,0,0,750,1576,1504,0,0,750,1576,1504,0,1000
1,90000,26,17704,14478,17681,15240,19364,18828,5005,5145,1801,5024,8007,5046
1,20000,24,7919,8637,9339,10029,10615,11285,1000,1000,1000,900,1000,500
0,260000,44,36048,37157,38040,33882,34589,35397,1688,1571,1213,1253,1381,1166
0,10000,29,9406,9968,9385,5163,780,0,3009,2000,2009,0,0,0
0,250000,44,98727,102134,106434,107673,109780,113961,5000,6000,4500,4000,6000,4500
1,180000,30,149525,152460,154206,135881,130728,123155,7320,6100,9710,4800,0,4300
1,360000,27,0,0,7365,0,0,0,0,7365,0,0,0,8665
0,100000,34,772,772,-8,2562,0,0,0,8,2570,0,0,0
0,20000,23,18497,15172,17488,17923,16838,18535,1900,2900,1000,800,2000,1000
0,70000,31,65779,34480,33632,35747,38981,43331,3000,0,3000,4000,5000,0
0,180000,27,181219,183311,183936,181370,179904,172758,7000,8021,6315,6432,6409,6008
1,40000,39,7955,5392,5151,3434,1143,0,5392,5151,3434,1143,0,0
0,290000,53,271508,261713,267792,273208,277225,284010,11000,11800,11500,10000,11000,9000
0,340000,29,332123,327362,324322,316472,317349,314212,14000,12000,12000,12000,12000,12000
1,120000,47,118148,118593,101152,80503,75407,77157,5033,5000,3007,3000,3000,3000
1,150000,43,142811,139652,111868,107702,103112,103246,6000,10700,1600,0,2800,2500
1,130000,22,0,0,1485,299,0,0,0,1485,0,0,0,0
1,390000,31,49667,33900,33545,16666,0,0,1700,17000,333,0,16666,13807
1,270000,32,54914,55423,57875,57456,33334,31723,3000,5000,3300,1337,1500,1000
0,20000,37,18419,18710,18929,14900,10400,0,1373,1384,615,600,0,0
1,320000,54,156238,156087,153054,79107,70043,71724,10000,10000,10000,2500,3000,3000
1,20000,33,10001,20844,5760,3343,1510,0,2000,1500,1007,7,0,0
0,200000,41,1980,1802,5647,3604,1802,1802,1802,5647,0,0,1802,3829
1,190000,33,115056,108137,89722,69861,49894,49727,0,4413,2942,2000,1583,1500
1,210000,27,4700,0,0,1008,0,0,0,0,1008,0,0,0
0,170000,37,5635,6321,102108,2120,2873,0,6321,102108,2120,2873,0,870
0,110000,29,77831,79365,81485,86309,84028,86114,3430,4000,7100,0,3600,3142
1,50000,42,34218,35539,38246,37332,39702,38932,1893,3600,0,3000,0,3500
1,240000,35,5770,10412,4578,5928,5619,13227,10420,1150,5928,3619,13227,7764
1,60000,24,23851,24404,21849,18474,15488,11348,1700,2000,1200,1000,0,3500
0,360000,32,120533,124530,128518,134368,135626,134864,6000,6000,8000,4918,5000,3300
1,260000,40,1022,1085,0,0,0,0,1085,0,0,0,0,300
0,500000,32,71731,75357,62407,63706,59452,47868,25487,80389,50132,22208,30167,25036
1,40000,23,34415,35170,34305,34985,35719,36428,1600,0,1250,1296,1302,1348
1,190000,29,188463,179419,165858,159374,158040,159833,6536,6031,20036,5732,5648,6011
1,80000,28,52062,49884,22348,22063,8723,7254,2158,1708,1411,4,21,220
0,70000,26,51897,51961,51435,51512,54709,52462,2230,2009,2397,5912,0,2448
1,110000,32,9943,9267,4957,6037,7628,2746,9284,6960,6055,7651,8,5159
0,50000,55,47067,48410,49218,18937,19183,19761,2400,2200,824,700,900,852
1,70000,25,5412,5177,6291,9085,9270,6821,0,1206,3000,185,200,0
1,100000,40,89236,90828,83479,73749,68512,72518,3162,3523,3025,2344,5000,3000
1,140000,42,158495,160681,144194,144802,147311,150207,5530,6600,5100,5460,5460,5100
0,110000,24,44737,39590,39457,39075,39307,39564,2103,2005,2006,3006,3010,2013
1,340000,46,94915,92955,89689,81996,83439,71239,3224,4000,3504,4349,3000,3098
1,100000,30,29668,32463,33350,34003,34647,35348,3600,1700,1500,1500,1400,0
1,110000,24,111863,111569,110768,110480,48708,47060,6001,5000,5060,2000,3000,5000
1,30000,42,9801,10535,11552,11933,12092,17884,1200,1200,573,500,6000,1200
1,130000,27,15700,250,7671,12088,74088,63593,250,7671,5000,65000,3000,41803
1,20000,24,0,0,0,0,222,6345,0,0,0,222,6345,2000
0,470000,41,13780,12242,32463,20621,13711,8294,12300,32520,34,68,8334,45684
1,380000,38,380781,389354,373512,304594,305275,303402,16750,14100,11000,11000,11100,13500
0,100000,47,390,1473,390,390,390,0,1473,390,390,390,0,2380
1,240000,38,167856,172145,178840,186168,166745,165582,7000,10000,10000,10000,5000,10000
1,150000,32,3204,430,29425,30437,31123,28997,0,29425,2000,1528,1518,2000
1,50000,22,50180,38404,29775,0,0,0,2100,1800,0,0,0,0
1,340000,32,0,0,2500,2500,0,0,0,5000,0,0,0,0
0,190000,36,154456,142409,119290,99767,101761,105150,6176,5000,3815,3614,5000,5000
1,140000,26,136170,139270,137548,96340,94201,97068,6799,5100,3300,3400,7461,3498
0,100000,33,66393,67827,69202,70153,71468,72930,3100,3100,2700,2600,2650,2800
0,130000,29,111731,108635,108842,110236,114763,118884,6000,6000,5000,6800,6500,0
1,130000,40,989,989,989,989,990,702,991,991,991,992,703,992
1,60000,48,59063,53377,37418,37543,35447,35641,2000,1900,1500,1300,1300,1300
1,20000,26,6690,8628,8515,6584,3403,3748,2600,1500,1500,1000,402,0
1,20000,22,18553,19446,19065,8332,18868,19247,1500,1032,541,20000,693,1000
1,100000,41,1594,4612,2098,3494,2086,2379,4612,2099,3494,2086,2379,3219
0,50000,56,38111,37934,16816,602,712,822,2966,1000,602,500,500,500
0,130000,58,137671,139089,50093,49303,14772,150,4300,1500,0,0,1233,870
0,130000,51,124626,121645,125789,128159,123121,123323,4500,6100,6000,5000,4600,5000
1,360000,35,10621,0,0,0,150,137,0,0,0,150,137,0
1,420000,45,412289,414634,409078,412057,402926,373095,16272,17029,15514,15056,13707,14128
0,150000,31,64378,14054,140230,98674,107664,111561,14127,140951,10000,10000,5219,50005
1,100000,59,0,7240,7702,1550,12079,35920,7240,1000,1558,12079,35920,0
1,20000,22,631,1170,780,390,0,780,1800,0,0,0,2000,0
0,180000,30,135001,135199,134817,52629,51543,52781,6100,6000,1900,1680,1900,3888
1,80000,39,4762,6712,1814,4811,1379,6136,6734,1817,4817,1381,6137,6251
1,100000,38,66762,68566,65132,48738,51020,51948,5000,2436,3000,3000,2000,3000
0,30000,39,20893,22206,19273,16469,14670,11214,2007,2000,2000,417,1500,1500
1,450000,32,0,1042,4064,-8,-8,402,1042,3057,0,0,410,0
1,500000,28,58076,59534,51006,44360,34229,37880,2001,6620,6015,10001,4137,5000
0,190000,54,142032,40883,42835,31982,36329,26964,5883,2835,5982,33329,1964,11849
1,50000,50,48926,45156,27762,19238,15585,15892,2036,1243,3991,712,715,582
1,180000,29,26000,26310,26662,26166,26176,25442,1800,1500,1056,950,1000,1050
1,120000,37,106469,108606,107945,111622,115301,117873,5400,4000,5500,5500,5500,1000
0,290000,29,1199,2528,3781,6076,6336,10570,2000,2000,3000,1000,5000,1000
1,20000,42,15552,16560,17278,18289,18653,19195,1575,1293,1304,668,843,853
1,270000,33,0,0,1205,0,0,0,0,1205,0,0,0,0
0,360000,40,21489,40715,-34041,-34503,43013,11654,41088,2,38,85155,58,13652
0,70000,47,67670,62529,59024,26008,28210,18296,2730,2490,1000,5746,2000,143
0,30000,39,28347,28108,18388,12992,7736,8032,3036,2309,0,1000,2000,148
1,30000,39,11436,12439,14911,15819,15346,16666,1500,3000,1500,0,1500,2000
1,50000,30,47629,46592,47517,48439,49418,50326,0,2000,2000,1900,1900,1900
0,400000,29,41008,42351,43146,44227,45062,46012,2005,1800,1800,1700,1700,1800
1,270000,31,173,2254,3679,4065,3975,8195,2254,1522,4065,4056,81,83
1,20000,26,19725,17368,16801,17789,17419,17628,1293,0,1281,771,640,790
1,280000,29,7545,2549,3266,10501,10131,8471,2709,3284,11001,8,6,666
0,50000,32,50114,50893,49660,29742,29311,29739,1991,1875,1044,1060,1211,1179
0,380000,48,17670,10179,11824,23991,13944,20962,10233,13826,24071,4065,21061,28484
0,60000,27,10908,13331,0,0,0,0,8331,0,0,0,0,3860
0,10000,23,6974,7838,9002,9182,9729,9411,1134,1298,478,847,0,175
1,290000,35,260698,267453,278924,235368,232117,230763,11019,20326,44,10035,10034,10062
1,500000,40,5158,5514,14199,1537,1537,5517,5514,14220,1537,1537,5517,550
0,200000,37,29312,19203,9544,15296,7045,10712,19313,9455,15306,7055,10700,12389
1,200000,34,0,0,0,0,0,0,0,0,0,0,0,0
0,490000,51,-16,-16,5498,282,28688,26302,0,7504,0,28606,0,2499
1,180000,53,0,533,2329,1778,2510,184,533,2329,1778,2514,184,1103
1,200000,44,203045,140347,139282,138462,134497,126617,4501,4916,4505,4205,4145,3100
1,80000,51,52275,50838,51901,52959,54012,55147,0,1883,1920,1931,2003,2046
1,150000,32,0,0,0,0,0,0,0,0,0,0,0,0
0,20000,27,543,2070,370,-20,780,0,1100,5193,0,800,0,0
0,500000,55,4957,4957,4957,4957,4957,4957,0,0,0,0,0,0
1,490000,33,58308,64927,60011,49409,39945,49932,10000,8160,7000,2000,37000,3000
1,180000,27,0,0,0,0,0,0,0,0,0,0,0,0
0,50000,33,13538,9199,6879,6753,5440,5440,2000,1284,264,109,390,0
0,360000,29,0,0,0,0,0,0,0,0,0,0,0,0
1,190000,25,106223,103922,106082,95645,89762,91835,7500,16027,9000,2919,3220,22000
1,140000,33,316,316,13816,316,316,316,316,13816,316,316,316,316
0,140000,40,139282,138095,140725,139401,103929,101148,4945,5254,4861,3649,3653,3700
0,270000,61,15194,16934,18533,8855,3140,5140,2000,2000,2000,1000,2000,2000
0,100000,27,2927,831,1226,330,0,0,831,1226,330,0,0,0
0,200000,46,0,760,1281,1328,1114,1205,760,1281,1328,1114,1205,1403
0,150000,36,167094,86193,-25443,-46627,-46627,-46627,5068,9,0,0,0,0
1,70000,33,43981,33439,24926,10681,7431,4705,1683,3160,3000,3000,5060,5032
0,50000,27,54529,53143,53782,50982,51740,49062,1800,3900,300,3400,0,4000
1,500000,40,18436,2574,1390,3186,1649,2507,3001,1320,2007,1651,2517,4180
0,390000,36,3931,3625,1600,3815,8330,4765,3625,1600,3315,11645,4765,2171
1,190000,55,6637,6476,14501,1190,3705,1049,6476,14915,1190,3705,1049,10160
0,20000,30,14406,20653,19995,19391,19120,19158,6500,84,7171,1000,1000,2000
1,290000,28,42601,34927,32034,29620,29822,28502,5000,6010,5000,1200,2000,901
1,70000,22,31377,31420,30940,24765,25942,27073,6000,1125,1300,3000,2500,1200
1,20000,36,18720,18932,19543,20002,19314,19320,1610,1374,1215,596,609,717
1,50000,39,263,1209,946,576,18611,17721,1209,0,0,18611,0,920
0,30000,33,23900,25507,26489,27017,56186,29146,2000,1418,946,1437,3000,0
0,70000,27,58009,56479,63633,64500,62867,64210,0,8100,2500,0,2500,2455
1,300000,47,3289,5189,7128,5916,9634,0,5189,7128,5923,9634,0,6485
0,210000,41,114953,88428,96993,94537,97968,100387,5000,10000,0,5000,4000,5000
1,220000,29,-37,5645,11731,-729,-5960,-5960,5682,11742,0,5231,0,0
1,70000,23,69951,70722,70815,63183,31633,31275,3200,3202,2989,1081,1099,1143
0,180000,38,141510,144439,146529,151106,153900,0,6700,6000,7000,6900,0,0
0,50000,29,14497,13975,25731,26112,26548,25970,0,12000,1100,1000,0,2500
1,50000,25,66881,65115,51010,50342,36025,36778,0,2092,1460,1167,1209,1645
1,250000,39,210262,58752,31707,13630,10000,10000,10073,10011,1000,10000,10000,10000
0,70000,29,10449,2343,14336,13155,3929,1953,6000,15000,4000,4000,0,1000
1,170000,42,1085,326,326,326,326,326,326,326,326,326,326,326
0,50000,28,-727,50268,50860,40580,44532,46442,53860,3000,5000,5000,3000,1784
1,170000,34,2435,0,0,0,0,0,0,0,0,0,0,0
1,200000,37,0,0,0,0,0,0,0,0,0,0,0,0
1,80000,45,390,390,390,390,390,390,390,390,390,390,390,390
0,380000,42,2588,38981,6267,19774,12297,2700,39529,6930,19873,12361,2713,5291
1,250000,38,-163,-553,212,49924,-918,-1567,0,2000,51002,2,0,2000
1,140000,26,54868,56983,59152,67288,71674,31374,3000,4000,9500,5000,2000,1400
0,40000,27,38561,38614,39951,40552,38935,40187,1700,2000,1526,1500,1900,1400
0,220000,33,586,-64,942,5378,126,3419,0,1006,6031,1003,4003,16
0,20000,34,18351,17706,18831,18334,17280,15582,1304,1429,1608,346,312,318
0,100000,26,2724,46286,46435,4398,3437,3476,45000,2300,1000,0,1000,100
1,350000,28,358895,346575,345088,341811,265953,93300,0,14579,13557,12000,5000,11000
0,120000,25,81129,72699,39909,18334,7382,19801,7504,29,10004,6,19824,18129
0,360000,40,76584,85400,17295,8331,2643,6008,21358,86,8372,2656,6038,3325
1,210000,32,44304,46255,50486,54019,58091,61630,3000,5000,5000,5000,4500,5000
0,80000,33,28496,16984,1155,-144,57245,49947,1000,1155,0,59000,2061,1390
0,20000,28,3202,4978,7720,9907,9627,11500,2000,3000,2500,0,2000,5
1,100000,55,390,390,390,390,390,390,390,390,390,390,390,390
0,40000,26,38131,35382,38744,38807,39933,38646,1600,4950,1400,2000,1400,1500
1,20000,37,19969,19568,19189,13708,11467,10614,1400,2000,1500,1000,1000,2000
0,150000,39,1580,2925,-551,-1944,-4430,-5813,2935,4,7,4,7,10004
1,130000,42,127524,127839,128380,97713,96245,95779,5051,5101,3600,3501,3800,3412
0,110000,49,113928,112775,110399,48532,44703,47869,4915,4379,12466,5000,5307,5000
0,30000,29,390,390,390,390,1438,719,390,390,390,1438,0,1588
0,160000,35,1822,2229,7110,1539,-1,1238,2229,7116,1539,0,1240,598
1,50000,30,4166,2859,1452,1190,543,920,2859,1452,1190,543,920,534
1,50000,42,49624,49357,49366,49221,48848,47545,2100,2150,2200,2000,2000,3000
0,130000,32,65599,63875,57122,56003,57992,61049,3000,3000,4000,4000,4000,5000
1,130000,43,2798,2732,8072,5723,6232,8873,3228,8141,5744,6232,8873,3982
1,260000,26,258364,279322,282092,255409,257913,262004,45446,9000,0,9394,9628,8539
1,300000,51,108639,85818,90069,85008,83983,50257,4107,7346,65000,2500,2022,1800
0,60000,29,816,2440,1444,1634,1335,1825,2440,0,1000,1335,888,150
1,350000,38,362,792,3015,6980,8762,7532,792,3019,4580,4000,284,1000
0,60000,49,60289,57426,25820,25793,28224,28968,1580,1500,1100,3000,1200,1100
0,320000,42,730,1550,0,2000,700,760,1550,0,2000,700,760,810
1,360000,31,0,18540,9007,9500,8675,6573,18540,10000,10000,9000,6600,32810
1,90000,41,2833,6003,7598,5036,4750,3007,5000,3500,4500,4300,0,1500
1,280000,36,183797,168402,161474,152092,145229,148602,6083,5913,5293,5126,5640,5119
1,30000,22,27332,26600,27832,26897,27278,27851,0,2006,2000,1100,1137,1300
0,500000,49,12939,28805,41027,36073,46096,103065,28954,41027,36073,46096,103065,154321
1,520000,28,34167,53319,25689,146903,150656,132050,40054,8011,151509,50263,59491,48326
0,100000,45,42049,43570,44601,45598,46752,48008,2200,2100,2000,2000,2010,2006
0,210000,28,58340,58644,59855,61013,61097,65089,2107,3000,3000,2500,6000,8000
0,100000,29,92086,93153,96642,99362,100571,102680,3500,5000,4400,3669,3800,4000
1,380000,39,55241,49773,81365,87341,87358,103740,10000,60218,10076,15012,20667,15000
0,80000,53,80577,78781,78363,48902,49996,-1719,3261,2342,1630,1759,0,52085
1,360000,34,2500,2500,0,0,0,0,0,0,0,0,0,0
1,40000,24,28140,32343,39717,37263,35224,34111,5000,8017,7000,4000,5000,5000
0,10000,40,9649,10084,9421,9997,9799,10163,1500,1200,1137,329,500,251
1,50000,29,47081,49316,50409,45545,39963,41145,3000,2000,2000,2000,2000,2000
1,150000,28,41387,40310,42652,42711,43311,48311,2000,3000,1500,1000,5000,176
0,50000,30,15397,17699,17127,18076,17061,17419,2882,0,1259,591,613,608
1,200000,40,1489,9973,2457,0,948,0,9973,2457,0,948,0,1302
0,20000,36,17500,16926,19260,18653,20041,19582,0,2921,0,1702,0,1594
0,50000,55,44306,43321,43454,44254,2150,1689,0,1200,1000,2150,1689,0
0,180000,53,316,316,316,316,316,316,316,316,316,316,316,466
1,30000,22,8066,4869,3781,1991,3951,2612,4869,4000,1991,3951,2612,2668
0,150000,40,123548,94995,52874,64269,73351,68257,4221,3094,30454,100049,5098,30242
1,160000,35,549,0,0,0,1893,0,0,0,0,1893,0,177
1,180000,35,104335,108156,108874,111568,113817,116422,5500,4000,4500,4200,4500,4500
1,60000,27,836,836,390,150,1320,780,836,390,150,1560,0,0
0,140000,38,131877,135309,131671,138771,141146,127184,7000,0,10800,4800,0,5000
0,100000,28,188853,180765,64653,10388,3762,1434,5003,3018,1400,3786,1774,12714
0,380000,29,24469,30689,19947,22529,3885,23616,30690,10007,24012,3906,24018,13024
1,30000,37,28361,27227,29346,23548,11790,7276,0,3313,108,299,325,0
0,150000,52,142903,152574,150080,47214,144862,148153,13312,2305,0,98828,4241,3625
1,330000,39,156853,139687,120586,123152,115105,85737,5757,3923,4108,3632,3779,3672
1,140000,35,84873,82471,84235,82432,81465,83160,4000,4010,3800,3200,3100,3000
1,30000,22,28933,30175,29383,29823,30379,29686,2000,0,1200,1162,1097,3846
0,50000,41,48537,36394,28278,16983,8888,9218,2022,2016,1272,1000,1000,1000
0,90000,34,53105,54154,55683,56798,58508,63177,2525,3000,2637,3242,6783,0
0,150000,35,5888,0,0,11310,11310,0,0,0,11310,0,0,0
0,80000,53,66484,59837,53367,48154,43214,44229,2731,2058,1700,1565,1730,1812
1,230000,43,206245,215936,221001,220886,239299,237297,13126,10000,5000,23700,2000,3
1,100000,31,16033,1716,1200,0,0,1300,1716,1200,0,0,1300,6455
1,210000,56,203653,23520,0,0,0,0,5000,0,0,0,0,0
1,150000,40,40548,41597,42405,43498,44596,45700,2000,1800,1800,1800,2000,1800
1,300000,57,2890,390,1380,390,1170,390,390,1380,0,1170,0,0
0,200000,30,0,0,0,0,0,0,0,0,0,0,0,20271
0,280000,28,24189,25294,26667,26926,27492,28333,1500,1800,1000,1000,1300,1000
1,40000,40,776,776,776,776,1552,776,776,776,776,1552,0,1459
0,110000,34,23751,25068,26351,26996,27754,28597,1717,2000,2000,1500,2000,5000
1,110000,39,111533,110367,112974,108390,107180,107309,5500,5900,5500,5000,5000,4300
0,270000,52,18758,4937,2000,9078,5058,6177,4937,2000,9078,0,6177,4600
1,70000,29,62870,63992,64720,66031,67459,69171,2134,1600,1587,1700,2000,1900
1,90000,25,43519,44677,45868,47535,40920,38622,1861,2052,2719,0,1600,890
1,30000,46,9847,10857,11877,12891,13960,14082,1181,1201,1215,1284,490,0
1,120000,29,632,316,316,632,316,316,0,316,632,0,316,782
1,290000,29,232319,109791,106730,93882,91746,76547,5071,4539,3000,3500,3856,3000
1,620000,38,1966,35703,1241,-119,23969,5567,35703,1241,119,24088,0,0
1,360000,34,0,0,0,0,0,0,0,0,0,0,0,0
1,200000,45,45876,35732,18000,27404,2644,2262,1732,1000,27404,2644,2262,4500
1,60000,33,58203,36367,20934,20694,20175,19421,1506,1298,1000,721,811,599
0,100000,48,525,1022,897,897,319,2757,1100,1000,0,0,2800,5400
0,300000,35,0,0,0,0,0,0,0,0,0,0,0,0
0,360000,48,29269,26763,23202,24979,26734,17956,1500,2000,2000,2000,2000,3000
0,40000,24,30096,30819,13816,10291,7441,7435,1300,2013,319,415,266,277
0,20000,42,20745,21431,19745,19943,19235,19245,1373,1386,1189,570,589,600
1,360000,52,640,2113,-6,999,944,-3,2231,0,1005,948,0,789
0,50000,49,10644,12163,14147,13626,15194,16929,2000,2500,0,2000,2000,2000
1,180000,27,980,980,376,0,2202,150,0,376,0,2202,0,819
0,380000,30,0,0,0,0,0,0,0,0,0,0,0,0
0,120000,28,59688,57627,58417,49050,49722,48898,3000,3000,2000,2000,2000,3000
0,150000,28,0,0,0,0,0,0,0,0,0,0,0,0
0,30000,30,27836,28998,29480,29500,0,0,2000,1200,1000,0,1500,0
1,210000,35,61189,62721,61115,62334,66196,64979,3100,0,2235,4870,0,2563
0,130000,37,22335,23040,20487,21497,21617,22268,1617,1644,1654,774,1000,1021
0,50000,24,48136,72898,36103,29384,29356,29089,3700,5396,6,1003,1449,1022
0,10000,23,3714,4158,4654,3080,0,0,1104,1000,31,0,0,0
0,240000,38,4890,4157,14342,11411,3006,13268,4164,14371,11411,3006,13336,0
0,20000,27,19331,18225,18418,19297,19000,19683,1209,19330,2303,1000,1000,1000
0,100000,31,2000,1000,3000,2000,1000,1150,0,3000,0,0,1150,0
0,50000,22,6673,5054,2340,1990,1377,1080,1056,1000,40,1377,1080,382
0,170000,30,129848,89684,31050,0,0,0,5115,2500,0,0,0,0
1,20000,44,2400,2400,2400,2400,2400,2400,0,0,0,0,0,0
0,320000,36,289508,302561,283356,275361,268871,256974,21041,1514,9122,9518,9209,10213
1,210000,33,1723,0,0,0,0,0,0,0,0,0,0,0
1,290000,32,146853,139756,136012,136466,136929,132179,1503,5400,5200,5000,4667,5000
0,330000,53,141061,144526,148420,152341,149998,-2,3856,3926,3966,3000,2,0
1,80000,26,77037,71799,75743,67626,69081,70772,3300,5800,0,2700,3000,2700
1,280000,49,28788,31315,30529,33562,34557,35600,3315,0,3562,1557,1600,3175
1,150000,33,24393,26847,32702,33459,27800,2261,27007,32715,33475,27808,2261,169465
0,110000,32,73772,75299,72978,67877,60444,61737,2765,2404,2292,2196,2300,2200
1,440000,40,98496,82803,79894,73984,137370,132889,10000,10000,10000,80000,7000,6000
0,50000,29,51234,51227,50936,49823,50990,50998,2300,2100,2000,2000,2100,3000
0,340000,41,331003,332829,274467,275341,280913,270448,15110,11019,9502,9579,9026,8719
0,150000,40,54021,55154,56280,57397,58599,60668,2003,2044,2054,2127,3044,3150
1,50000,25,30587,30440,30367,30621,30150,30246,1800,1900,1800,1500,1450,1500
0,480000,49,456668,424843,325772,320760,325841,331602,14706,15377,10481,11003,11303,11329
0,200000,33,197272,196700,194403,197746,190198,192015,8600,7700,11100,0,5600,5640
1,170000,53,161858,162402,159863,159700,77043,77047,5800,6500,5000,3000,3000,2500
0,170000,35,169282,173226,134832,70479,0,0,10126,5667,9223,0,0,0
0,360000,33,218668,221296,206895,628699,195969,179224,10000,7000,6000,188840,28000,4000
1,120000,40,109399,109397,36850,37739,38381,39142,3900,1700,1500,1400,1400,1500
0,130000,29,3594,0,0,0,0,0,0,0,0,0,0,0
1,310000,33,73095,72437,71851,71120,70463,69876,2573,2594,2483,2458,2516,2461
0,180000,38,-47,-47,470,0,0,800,0,517,0,0,800,0
0,170000,45,34778,40441,40937,34090,34894,36829,10000,5000,2000,2000,3000,2000
1,150000,40,3042,41036,16465,40215,5024,19924,41243,16548,40442,5049,20023,6035
1,220000,32,183718,172250,175771,180794,184650,167856,6243,6376,7942,8270,170000,6002
0,80000,27,0,0,0,0,0,0,0,0,0,0,0,0
0,300000,32,10566,11293,12000,3458,56338,56735,1200,1200,9427,55000,2000,2000
0,200000,46,0,0,0,0,0,0,0,0,0,0,0,0
1,50000,25,18734,19340,10000,0,0,0,1340,1000,0,0,0,0
1,40000,27,37005,38084,41156,39986,40465,36745,2000,4000,0,1000,0,0
1,160000,24,13038,158725,155808,98160,99057,100984,155000,5000,5000,3537,5000,4000
1,90000,27,20461,21465,22495,23504,23815,24311,1649,1679,1688,999,1029,1040
0,140000,28,6007,7332,7983,3277,2964,4791,7340,7983,0,2964,4800,2353
0,40000,33,23330,0,0,0,0,0,0,0,0,0,0,0
1,80000,25,3409,4489,5345,5454,5598,178,1144,1000,109,144,0,0
1,150000,35,89604,97129,98795,98925,100017,99607,10000,4275,3550,3750,3600,3100
1,20000,23,15071,16082,17952,18216,17816,19697,1266,2136,1000,0,1881,0
0,80000,42,74477,68633,62890,56788,52287,52287,0,0,0,0,0,50771
0,90000,42,48674,49895,52570,53614,54534,53374,2300,4116,2500,2052,0,0
0,50000,33,51210,47140,48478,48173,21134,20403,0,3518,3000,2352,2000,2000
0,360000,30,1246,17234,387,776,810,0,17328,388,779,814,0,0
0,270000,36,-16,3326,-54,-54,19315,8388,3342,0,0,19369,996,3
0,120000,43,33131,33121,32222,32877,30587,25938,2000,1500,1000,1000,2000,1000
0,360000,33,845,-4,831,899,1172,820,0,835,899,1172,820,670
0,500000,34,494356,488578,488166,485249,441981,424592,17438,18852,16673,15244,15216,16037
0,150000,46,148364,150565,150254,64644,40150,41250,5400,5026,1722,1500,3000,108058
1,400000,36,14421,8392,13025,2816,6856,11069,8911,13025,2816,6856,11069,6823
0,80000,46,77142,78255,79425,70583,48308,46049,3000,3055,3047,1663,1692,1618
1,90000,35,2667,2667,0,0,0,0,2667,0,0,0,0,0
0,200000,41,1378,-22,5440,-2,796,1390,0,5462,0,798,1394,3600
1,150000,51,0,0,0,0,0,0,0,0,0,0,0,0
1,160000,32,400,400,400,0,20818,20818,0,0,0,20818,0,0
0,340000,29,191426,190339,148694,150872,149218,152598,8200,6500,6000,6000,6000,5000
1,100000,39,10135,1646,1635,884,0,0,1646,5635,884,0,0,0
1,20000,44,836,390,390,390,1487,3560,390,390,390,1487,3560,15000
1,210000,49,0,0,0,0,0,0,0,0,0,0,0,0
1,30000,34,29678,28878,26758,27462,28014,29826,0,1751,1455,1007,2268,0
1,80000,24,74377,76137,78366,78400,80000,80000,3000,3455,1960,2000,0,0
0,380000,33,2500,0,0,0,0,0,0,0,0,0,0,0
0,30000,27,25107,26312,28102,29078,29201,24122,2000,3000,2000,1000,1500,1000
0,110000,29,104968,107221,109494,111954,111771,111703,4000,4000,4300,4164,4500,4200
0,400000,38,3380,3395,5856,6401,389,21447,3411,8863,1032,390,21448,1001
0,80000,27,2049,805,1672,12205,3487,24764,2003,2019,12241,3510,24843,4001
0,220000,33,22708,24330,25918,27479,28877,30237,2000,2000,2000,2000,2000,2000
1,80000,45,81841,74516,69485,30396,30595,29033,4100,2507,2140,2000,1500,1000
1,220000,47,1526,1122,-11,12597,44375,0,1122,0,12608,44375,0,0
1,500000,29,33252,39078,33086,18304,16604,9505,10000,2014,3030,8006,1000,1000
0,70000,50,68725,70413,70004,38102,28931,29143,3220,2220,28931,1000,1050,1052
1,290000,36,57721,57256,57094,55293,54738,55435,2514,3007,2004,2101,2503,2503
0,10000,29,9363,9990,-10,6390,6682,7271,1000,0,6400,400,700,500
1,50000,45,3487,3159,213,3336,1863,390,1213,0,3336,0,0,390
1,150000,27,3081,7997,8710,9559,10401,11069,5000,1000,1000,1000,1000,1398
0,50000,44,1261,1261,1261,1261,1261,1261,1261,1261,1261,1261,1261,1261
1,220000,31,3785,1137,377,5763,3952,412,1142,377,5763,3952,412,1294
1,500000,45,3852,2395,4730,4628,5127,3400,2403,4730,4628,5127,3400,1720
0,200000,38,8565,86497,138640,75983,44160,34671,85000,60000,3500,2000,2000,2000
1,210000,32,85965,88586,94412,92195,92491,94369,4000,7500,0,3000,5000,5000
0,70000,27,71201,70686,70195,71005,71135,69846,2691,21000,2500,2800,2800,2700
0,390000,35,55213,59122,72930,76543,78143,77763,10000,20000,10000,8000,6000,5000
1,110000,26,63376,67293,67536,77697,82888,88048,5000,1317,11380,6508,6540,6671
1,150000,31,23427,25252,19004,15206,1423,8923,5554,5070,5076,1457,9047,22720
0,50000,27,50577,46529,46791,47922,49482,0,2138,1400,3000,5000,0,0
0,290000,38,0,0,0,0,0,0,0,0,0,0,0,0
0,20000,56,17768,18378,19077,19467,19155,19098,1600,1689,1469,547,500,547
0,200000,33,234069,8206,1892,8484,4602,67037,16412,1892,8484,4602,67037,9541
0,270000,35,48465,45898,46765,55438,54285,54198,1737,2000,10000,1461,1492,899
1,360000,56,437,241,0,0,0,2628,241,0,0,0,2628,163
0,190000,35,0,0,100104,0,0,0,0,100104,0,0,0,0
0,130000,51,124108,126571,130870,132213,52755,53463,4530,6338,5530,1877,1937,1939
1,540000,34,1784,892,946,946,946,946,892,1000,946,946,946,946
0,130000,34,30190,31179,30569,28659,26952,15852,1818,2002,1400,600,1000,0
0,20000,37,16436,17584,18166,8190,8190,0,1418,1000,3144,0,0,0
1,240000,38,0,0,0,0,0,0,0,0,0,0,0,0
1,440000,33,0,0,0,0,0,100,0,0,0,0,100,300
1,500000,37,51652,29550,33040,30757,35559,38981,5300,4000,3000,5300,5000,5000
1,50000,53,50777,51086,50321,20141,18039,19349,2504,2059,666,1000,2008,1513
1,50000,46,65,0,1271,940,110,0,0,1271,949,110,0,558
0,100000,24,10618,13233,13427,13609,14683,15001,2800,700,700,1300,700,700
0,360000,33,57709,23707,11850,12533,7477,7718,23718,11850,13898,7477,7718,168350
1,190000,32,161248,157952,157663,161039,161907,161729,6500,7000,10000,7000,6500,6000
1,30000,24,26094,27095,28158,29385,29665,30446,1440,1503,1730,1010,1206,1949
1,150000,41,9682,-399,0,0,399,150,399,399,0,399,150,200
0,60000,28,42243,37131,38136,38903,41483,40257,7773,1628,1395,3210,0,2000
1,50000,27,7439,8280,3403,1999,500,0,1028,3423,2005,501,0,0
1,100000,44,80808,77825,70721,69603,65499,62296,3025,3000,3000,3000,3000,3000
0,210000,46,0,1828,765,0,0,0,1828,765,0,0,0,0
1,230000,29,0,0,0,0,1004,854,0,0,0,1004,0,5183
1,20000,23,8647,9734,10594,11002,11608,9186,1232,1092,500,1000,500,500
1,270000,25,184560,178592,170225,156719,151716,153519,6061,6081,5072,5009,5254,4069
0,150000,42,143947,147394,142991,146745,149526,147034,4742,4847,4997,4120,4133,3993
1,210000,33,0,0,0,0,0,0,0,0,0,0,0,0
1,130000,36,98469,96054,97910,96744,97444,95630,0,4400,4000,3500,3600,10000
1,30000,23,33181,32359,33849,34522,33501,32129,0,2000,1389,1068,3000,2508
1,160000,58,1443,1443,1443,1443,1443,1443,1443,1443,1443,1443,1443,1443
1,160000,42,3346,4420,3062,6117,4781,1450,4420,3062,6119,4781,0,6058
1,290000,36,320952,326625,290268,296053,302793,307336,11149,10524,10600,11500,10000,65000
0,360000,35,0,4359,328,3721,3150,150,4359,328,3721,3150,150,999
1,500000,34,11765,6599,11421,-83,49699,3821,6648,11986,0,49947,3840,11939
0,320000,40,430,430,430,430,430,430,430,430,430,430,430,430
1,10000,22,7582,8502,9479,9669,9978,9928,1200,1136,326,444,199,0
0,90000,41,45431,46338,45129,45640,46175,46716,2749,2206,1113,1135,1153,1134
0,210000,32,218742,218317,73874,73219,96844,94731,10000,5000,5000,30000,4500,15000
1,80000,24,78913,78726,70110,62590,54177,60662,2900,2329,2400,2000,7400,0
0,500000,38,75433,26358,7860,2983,8767,4691,27486,7860,3047,8831,4734,11484
1,90000,24,13141,14526,15482,18219,22737,23387,1600,1500,3000,5000,1020,764
1,80000,31,0,0,0,0,0,0,0,0,0,0,0,0
1,200000,35,72450,52795,41861,34531,1794,-345,5556,1000,2000,1000,0,0
1,160000,30,17357,4747,4500,32468,22485,119853,2250,0,32468,2000,104465,4602
1,150000,29,149278,142117,144947,140696,143607,136575,3984,3825,3361,3469,3812,3020
1,50000,25,40959,43870,42891,43582,44561,45592,3900,0,1700,2000,1900,1800
0,180000,32,0,144,-35,-35,-335,-335,144,0,0,0,0,0
1,80000,27,42037,43134,44223,43032,43599,41557,2100,2100,2000,2293,1700,2000
0,220000,48,113061,115294,117945,130365,126780,129570,5600,6000,16000,0,5000,6300
1,270000,56,137807,123769,104377,106651,109294,101151,5000,5000,3953,4500,4000,3900
0,200000,32,10532,0,0,0,0,2842,0,0,0,0,2842,204297
1,120000,24,112336,113351,115515,113948,122127,121962,4200,4100,4100,10000,4560,0
0,20000,24,15166,14638,15582,17809,17385,18437,0,1500,2500,0,1500,1500
0,20000,23,19901,19105,572,19206,18595,19135,0,572,20502,1000,840,705
0,230000,59,208459,206331,203813,201331,198999,191671,7536,7277,7100,7120,6844,6945
1,30000,41,28041,23367,22843,23044,25082,25648,13,2003,2008,5000,1005,3016
0,120000,36,326,326,326,326,326,652,326,326,326,326,652,0
1,240000,37,1769,842,14015,0,1317,566,0,14015,0,1317,0,0
0,280000,31,-1,-1,-1,-1,-1,219,0,0,82150,0,220,1124
1,100000,44,12566,2421,3360,2845,2505,2158,3061,1390,6477,50,43,36
1,70000,25,68839,64027,61580,29435,26341,26949,3213,1659,2000,1107,1200,1100
0,420000,45,520453,520643,517746,428655,352793,350036,18500,20000,16000,11717,12000,12000
0,70000,40,41986,31059,23283,11523,23516,1600,1455,1278,1000,235,1600,4316
0,200000,31,182307,186128,197509,193046,194368,182903,8300,15900,200,6100,7000,0
1,50000,26,49028,49740,780,390,850,18460,2400,780,0,850,18000,1000
1,500000,37,6364,1625,517,0,1450,2668,1625,517,0,1450,2668,1480
1,20000,51,17612,18820,19717,18701,18726,18501,1800,1500,0,1000,1000,1000
1,310000,29,13158,1062,8805,3024,0,0,1062,8805,3087,0,0,3240
0,80000,46,31290,780,390,780,780,390,780,390,0,1560,0,390
1,70000,40,65059,65204,55018,27430,25498,27678,3141,7000,5505,3000,4000,5000
0,50000,38,16486,17800,18546,19476,18694,19427,1592,1338,1268,636,1000,722
1,50000,23,4338,0,0,0,0,74,0,0,0,0,74,390
0,180000,29,1073,3191,10693,11285,13863,5646,3206,10696,1291,3877,11077,700
0,200000,28,54663,46147,44095,25454,17651,18994,11000,3000,3000,2000,3000,10000
1,170000,28,0,0,0,0,0,0,0,0,0,0,0,0
1,220000,30,152514,150742,142633,137337,144570,140881,7149,8000,5000,10800,0,5600
1,90000,26,86183,87561,92996,89866,48574,41746,4100,8548,0,1527,1617,1490
1,50000,25,47054,48008,48913,49847,50840,49502,2000,2000,2000,1900,1900,1600
0,260000,39,248880,248758,245404,169632,165098,151157,10611,9708,5929,5622,5465,5474
0,50000,47,44681,45736,46658,44441,18559,17781,2100,2009,2013,700,1000,1000
1,80000,35,49608,12412,14873,17364,17770,17460,12500,6500,3000,2000,3000,2000
1,400000,50,5523,8033,0,550,0,0,8037,0,550,0,0,0
1,10000,37,7841,7400,6770,5163,3575,390,1157,1000,103,72,400,0
1,140000,25,2229,15985,0,0,0,0,15980,0,0,0,0,0
0,100000,29,51183,-1478,1261,1044,-217,522,0,4000,1044,0,2000,2000
1,30000,22,26568,27556,29963,28835,30174,28603,1762,3500,0,2297,40,1755
1,320000,29,0,192,192,2518,255,1945,192,0,2518,255,1945,301
1,20000,51,10400,0,0,0,0,0,0,0,2000,0,0,0
1,170000,32,9990,4647,1399,6548,1399,0,0,1399,6548,0,0,0
1,60000,25,56136,57280,56969,58695,57453,61153,2100,2100,2685,2300,4800,3400
1,260000,30,89538,82621,78236,49417,21226,23174,4000,2092,1333,769,2300,0
0,430000,29,325,325,325,0,325,650,325,325,0,325,650,150
1,170000,27,6504,1046,0,0,910,382,1046,0,0,910,0,532
1,390000,44,35369,22238,7809,97774,100912,152955,15000,7809,97874,32494,100000,31000
0,50000,29,38916,37990,42382,43190,42198,46572,0,5000,1800,0,5232,1800
1,80000,45,35401,36399,37689,38580,39104,39484,1587,1877,1768,1292,900,1365
1,20000,23,11672,8584,8279,8444,8621,8868,2424,0,284,294,371,500
1,300000,27,525,7792,8347,10471,9813,10690,7797,8361,10490,9828,10698,6666
0,20000,35,16500,17012,18181,19331,19113,17996,1281,1450,1600,382,383,345
1,410000,31,400967,365398,367247,304903,310333,317330,14158,13000,13000,12000,12000,15000
1,170000,35,0,3209,0,0,0,0,3209,0,0,0,0,0
1,80000,29,26524,23224,23141,22160,21478,20441,1500,1700,1000,1000,1000,1500
0,20000,50,19062,19242,14725,780,0,0,1333,1000,780,0,0,0
0,60000,31,0,-880,-2640,1760,880,3110,0,0,4400,0,3110,0
0,200000,30,113676,116355,117802,116296,60792,30808,6000,5000,6000,3000,1611,55000
0,240000,48,236767,236769,238769,235603,233374,230897,8622,8922,8519,8499,8418,8420
1,60000,48,46578,39085,18628,19002,19715,18900,1308,1290,664,1003,693,759
0,500000,58,13709,5006,31130,3180,0,5293,5006,31178,3180,0,5293,768
1,500000,28,390393,374105,467911,355531,587067,323821,26085,13566,18975,11096,35204,10121
0,230000,32,48418,44734,47178,29582,38426,42500,5019,10120,20000,10000,5000,5000
1,130000,25,127125,78165,79306,80974,83635,87287,4000,3000,3000,5000,5000,5000
1,50000,26,50604,50913,43348,10122,9626,9828,1924,1461,1155,400,351,500
0,160000,27,1111,1111,0,6795,0,0,1111,0,6795,0,0,0
1,160000,24,67018,67257,68939,72267,73602,75133,1900,3400,5100,2800,2900,2800
0,500000,32,27318,46364,30327,16314,1151,3074,40019,16107,3325,1151,3074,4984
1,190000,40,182923,183436,162537,157497,155297,153594,8059,7741,7201,4815,4927,5380
0,90000,37,40028,38704,37135,35141,33502,34173,2000,1800,1150,1200,1150,1100
0,80000,24,2130,3100,173,173,3435,11962,1010,173,0,3438,10004,5500
1,70000,31,6895,16381,18715,22630,22276,13564,10000,3000,4100,0,1000,0
0,50000,24,52359,51158,3957,52522,31921,29265,2064,1053,53874,1009,934,719
1,80000,54,60980,1541,4822,4918,5188,5797,1541,4822,324,500,700,500
1,60000,42,1570,21835,20680,390,390,14290,20680,0,0,390,14290,2892
1,80000,32,113740,97093,85266,85871,47367,47812,0,3448,2383,1609,2000,2000
1,30000,33,31089,10989,11997,12397,13043,13325,0,1200,600,1000,650,650
0,90000,25,2381,2908,1051,2422,1051,1051,1800,1052,2422,0,1051,83573
0,50000,24,5524,6474,8896,7088,7109,6898,1500,2700,0,500,500,500
1,100000,31,32430,34169,36495,36910,37838,38457,2579,2905,1320,1522,1400,1419
1,60000,24,15050,16203,16891,15474,14612,16354,2000,1300,2000,1000,2000,1000
1,30000,22,30190,28985,28724,29357,30188,26316,1532,2169,1000,1200,2000,1500
1,80000,27,77967,79561,61018,36084,13693,79701,3565,1752,1105,1499,78000,0
1,50000,30,34811,30753,6680,0,0,0,2000,1000,0,0,0,0
1,180000,32,0,0,1980,0,0,858,0,1980,0,0,858,0
0,50000,35,5219,7633,8562,8276,8638,8851,2500,1200,0,500,500,500
1,50000,25,9162,9818,7161,8377,8789,8813,1500,2000,1500,1000,500,500
1,80000,40,37123,38317,20896,21604,22035,22496,2072,1651,1359,790,817,821
0,80000,41,-1645,78379,76304,52774,11855,48944,85900,3409,1178,1926,52964,1804
1,70000,23,3082,4370,9353,15282,20400,12915,1500,5353,6282,6342,2055,3257
1,150000,58,42218,44828,-7772,-7772,69762,71591,4828,0,0,77534,2991,4509
1,30000,22,29010,29256,28122,29836,1630,0,1000,85,1714,104,0,0
0,450000,55,2500,0,0,0,0,0,0,0,0,0,0,0
1,120000,29,6385,9262,11793,11307,14102,15871,3000,2691,0,3000,2000,0
0,20000,37,14440,13916,15376,18075,18830,20423,0,2000,3000,1000,2000,0
1,20000,35,17962,17858,17972,16592,15369,16247,1336,1211,1500,1300,1500,1000
0,330000,33,223445,122096,125969,127044,127027,129945,5005,6000,3614,4000,4000,4000
0,220000,49,1410,580,1386,-14,6160,1307,580,1386,0,6174,1307,1341
1,400000,30,68835,60549,63047,65508,66954,68411,2600,3000,3000,2000,2002,3020
1,170000,40,73784,73815,53032,29086,93786,92728,3663,3426,1317,93276,3197,3185
1,50000,22,8823,10606,4991,4461,2561,0,2000,300,200,0,0,0
1,80000,44,41630,48893,47831,57000,55489,57450,8000,0,10000,0,3000,2500
1,200000,31,6024,2180,2750,0,1060,2000,2180,2750,0,1060,2000,1060
1,190000,33,-2500,-3000,-3000,-3000,-3000,-3000,0,0,0,0,0,0
1,60000,26,56685,55208,59175,60218,55447,55305,0,5000,2511,6,3000,3000
1,90000,29,-240,-240,-240,-240,-240,-240,0,0,0,0,0,0
0,80000,46,79707,79876,79919,64237,47890,48036,3542,3500,2500,2000,2500,2000
1,60000,26,4837,3642,6232,6444,3783,3219,0,6472,6444,3219,0,0
0,230000,36,3245,1855,2577,8001,2970,-1,1864,2590,8039,2984,0,381
1,140000,33,136302,127178,78950,80457,41150,-10193,6000,5000,4000,2000,0,71000
1,50000,41,45408,36025,0,0,0,0,2025,0,0,0,0,0
1,10000,53,9269,10400,0,0,0,0,1400,0,0,0,0,0
0,140000,38,52684,46479,39949,30051,31124,32375,1692,2438,1464,2124,2375,1547
1,80000,28,4280,2800,0,0,0,0,2800,0,0,0,0,0
1,50000,41,3048,4063,5081,6090,6211,6342,1074,1092,1101,222,231,231
